id,title,status,source,accountId,contactId,ownerId,territoryId,contactName,contactEmail,contactPhone,companyName,estimatedValue_constructor,estimatedValue_s,estimatedValue_e,estimatedValue_d,description,lostReason,convertedAt,convertedToOppId,followUpDate,followUpNote,deletedAt,aiScore,aiScoreReason,aiScoredAt,createdAt,updatedAt,owner_id,owner_firstName,owner_lastName,owner_email
f5fd24d3-09e6-45ad-9f47-f99f59230dbd,E-commerce Platform,NEW,WEBSITE,,,b8da9847-ac4a-4b89-b0fd-0618fcabb88d,,Ahmad Zaki,zaki@retailgiant.my,,Retail Giant MY,,1,5,,Multi-vendor marketplace build,,,,,,,,,,2026-05-19T14:22:02.039Z,2026-05-19T14:22:02.039Z,b8da9847-ac4a-4b89-b0fd-0618fcabb88d,Nurul,Ain,salesrep@test.local
1c333c32-f635-481e-8a5e-969f77257781,IoT Sensor Network,NEW,TRADE_SHOW,,,b8da9847-ac4a-4b89-b0fd-0618fcabb88d,,Lim Wee Chai,lim.wc@topglove.com,,Top Glove,,1,5,,Factory floor monitoring system,,,,,,,,,,2026-05-19T14:22:02.035Z,2026-05-19T14:22:02.035Z,b8da9847-ac4a-4b89-b0fd-0618fcabb88d,Nurul,Ain,salesrep@test.local
12927c12-7f01-4365-a8ab-342680600528,Property Management System,CONTACTED,REFERRAL,,,b8da9847-ac4a-4b89-b0fd-0618fcabb88d,,Jeffrey Cheah,jeffrey.cheah@sunwayproperty.com,,Sunway Property,,1,5,,Integrated PMS for 10 properties,,,,,,,,,,2026-05-19T14:22:02.037Z,2026-05-19T14:22:02.037Z,b8da9847-ac4a-4b89-b0fd-0618fcabb88d,Nurul,Ain,salesrep@test.local
92d73d15-f822-47d5-94ba-c2ba612badff,Data Analytics Platform,QUALIFIED,PARTNER,,,b8da9847-ac4a-4b89-b0fd-0618fcabb88d,,Ooi Kuang Ping,kuangping@grab.com,,Grab Malaysia,,1,5,,Real-time analytics dashboard,,,,,,,,,,2026-05-19T14:22:02.037Z,2026-05-19T14:22:02.037Z,b8da9847-ac4a-4b89-b0fd-0618fcabb88d,Nurul,Ain,salesrep@test.local
401bf64b-da7a-4275-b5f7-f23da9cb807c,Supply Chain Optimization,QUALIFIED,REFERRAL,,,b8da9847-ac4a-4b89-b0fd-0618fcabb88d,,Wong Kim Fatt,kimfatt@logisticspro.my,,Logistics Pro,,1,5,,AI-driven route optimization,,,,,,,,,,2026-05-19T14:22:02.040Z,2026-05-19T14:22:02.040Z,b8da9847-ac4a-4b89-b0fd-0618fcabb88d,Nurul,Ain,salesrep@test.local
dcfef08b-68fc-4134-a6f9-56532b802282,Digital Transformation,NEW,PARTNER,,,b8da9847-ac4a-4b89-b0fd-0618fcabb88d,,Ramesh Kumar,ramesh@govtech.gov.my,,GovTech Agency,,1,5,,Government digital services platform,,,,,,,,,,2026-05-19T14:22:02.041Z,2026-05-19T14:22:02.041Z,b8da9847-ac4a-4b89-b0fd-0618fcabb88d,Nurul,Ain,salesrep@test.local
743e3d93-e671-478d-8dc7-a6008bb113c9,POS System Upgrade,NEW,COLD_CALL,,,b8da9847-ac4a-4b89-b0fd-0618fcabb88d,,Lisa Chen,lisa@cafechain.my,,Cafe Chain MY,,1,4,,10 outlet POS replacement,,,,,,,,,,2026-05-19T14:22:02.041Z,2026-05-19T14:22:02.041Z,b8da9847-ac4a-4b89-b0fd-0618fcabb88d,Nurul,Ain,salesrep@test.local
6ebc504e-8344-475d-8372-3d7f9f9ed05f,Cybersecurity Audit,UNQUALIFIED,COLD_CALL,,,b8da9847-ac4a-4b89-b0fd-0618fcabb88d,,David Lee,david@techcorp.my,,TechCorp Sdn Bhd,,1,4,,Budget too small,,,,,,,,,,2026-05-19T14:22:02.038Z,2026-05-19T14:22:02.038Z,b8da9847-ac4a-4b89-b0fd-0618fcabb88d,Nurul,Ain,salesrep@test.local
bb77c05a-ae1c-4d42-afc5-efe925b7ce0a,HR System Integration,LOST,ADVERTISEMENT,,,b8da9847-ac4a-4b89-b0fd-0618fcabb88d,,Priya Sharma,priya@hrsolutions.my,,HR Solutions KL,,1,4,,Lost to Oracle HCM,Went with competitor,,,,,,,,,2026-05-19T14:22:02.039Z,2026-05-19T14:22:02.039Z,b8da9847-ac4a-4b89-b0fd-0618fcabb88d,Nurul,Ain,salesrep@test.local
344cfbc8-57c1-4abc-9cfd-c5b655f19545,Enterprise CRM Implementation,QUALIFIED,REFERRAL,,,b8da9847-ac4a-4b89-b0fd-0618fcabb88d,,Azman Ibrahim,azman.ibrahim@petronas.com,,Petronas Digital,,1,5,,Full CRM rollout for 500+ users,,,,,,,,,,2026-05-19T14:22:02.032Z,2026-05-19T14:22:02.032Z,b8da9847-ac4a-4b89-b0fd-0618fcabb88d,Nurul,Ain,salesrep@test.local
ae05621a-a0e4-4042-8a20-003b45f08a6f,Mobile App Development,NEW,WEBSITE,,,b8da9847-ac4a-4b89-b0fd-0618fcabb88d,,Riad Asmat,riad@airasiadigital.com,,AirAsia Digital,,1,5,,Customer loyalty app revamp,,,,,,,,,,2026-05-19T14:22:02.036Z,2026-05-19T14:22:02.036Z,b8da9847-ac4a-4b89-b0fd-0618fcabb88d,Nurul,Ain,salesrep@test.local
aff860af-50d7-42de-8e0e-01465f25146f,Learning Management System,CONTACTED,WEBSITE,,,b8da9847-ac4a-4b89-b0fd-0618fcabb88d,,Nurul Huda,nurul@edutech.my,,EduTech Malaysia,,1,5,,Online learning platform,,,,,,,,,,2026-05-19T14:22:02.042Z,2026-05-19T14:22:02.042Z,b8da9847-ac4a-4b89-b0fd-0618fcabb88d,Nurul,Ain,salesrep@test.local
c4627ed2-d56c-4e3f-b92a-3d8dd53f2793,Cloud Migration Project,CONTACTED,LINKEDIN,,,b8da9847-ac4a-4b89-b0fd-0618fcabb88d,,Mohd Faizal,faizal@maybank-islamic.com.my,,Maybank Islamic,,1,5,,AWS/Azure migration consulting,,,,,,,,,,2026-05-19T14:22:02.034Z,2026-05-19T14:22:02.034Z,b8da9847-ac4a-4b89-b0fd-0618fcabb88d,Nurul,Ain,salesrep@test.local
aad5c095-60fe-4c88-a005-ec2186f9347a,AI Chatbot Implementation,CONTACTED,LINKEDIN,,,b8da9847-ac4a-4b89-b0fd-0618fcabb88d,,Fatimah Ali,fatimah@bankrakyat.com.my,,Bank Rakyat,,1,5,,Customer service automation,,,,,,,,,,2026-05-19T14:22:02.040Z,2026-05-19T14:22:02.040Z,b8da9847-ac4a-4b89-b0fd-0618fcabb88d,Nurul,Ain,salesrep@test.local
c2f91394-bea4-4787-8d03-a0f6945cd33d,[DEMO] Shariah-Compliant Will Writing — Syed Corp,CONTACTED,LINKEDIN,,,a2059d7a-f30d-4896-ad2c-a892efda33fe,,Datuk Syed Hamid,syed.hamid@syedcorp.example.my,,Syed Corporation Bhd,,1,5,,Group-wide Islamic will writing and wasiyyah for board directors and C-suite,,,,2026-05-21T14:22:06.094Z,[DEMO] Follow up on [DEMO] Shariah-Compliant Will Writing — Syed Corp,,58,LinkedIn inbound — warm lead with verified email. Needs meeting.,2026-05-19T14:22:06.094Z,2026-05-19T14:22:06.094Z,2026-05-19T14:22:06.094Z,a2059d7a-f30d-4896-ad2c-a892efda33fe,Emily,Chow,emily.chow@citadelgroup.com.my
307c74c3-8279-419b-a3da-266a37dad61a,[DEMO] Unit Trust Distribution — Mahani Wealth,LOST,ADVERTISEMENT,,,a2059d7a-f30d-4896-ad2c-a892efda33fe,,Jonathan Teh,jonathan.t@mahaniwealth.example.my,,Mahani Wealth Management,,1,4,,Small unit trust distribution matter — budget too low for trust structure,Client opted for direct distribution instead of trust,,,,,,12,Low conversion probability — budget below threshold and client chose alternative.,2026-05-19T14:22:06.098Z,2026-05-19T14:22:06.099Z,2026-05-19T14:22:06.099Z,a2059d7a-f30d-4896-ad2c-a892efda33fe,Emily,Chow,emily.chow@citadelgroup.com.my
3986b66b-6120-42f9-9dc8-989feb0f8791,[DEMO] Trust Restructuring — Tan & Partners,CONTACTED,COLD_CALL,,,a2059d7a-f30d-4896-ad2c-a892efda33fe,,Datin Seri Rosnah,rosnah@tanpartners.example.my,,Tan & Partners Trust Advisory,,1,5,,Restructure 3 existing family trusts to optimise tax position under Budget 2026 changes,,,,2026-05-23T14:22:06.096Z,[DEMO] Follow up on [DEMO] Trust Restructuring — Tan & Partners,,35,Cold call — interest expressed but no formal engagement yet.,2026-05-19T14:22:06.096Z,2026-05-19T14:22:06.096Z,2026-05-19T14:22:06.096Z,a2059d7a-f30d-4896-ad2c-a892efda33fe,Emily,Chow,emily.chow@citadelgroup.com.my
9da3cd5b-893c-4275-9c4b-aeb963c835b4,[DEMO] Probate Administration — Azman & Lee,NEW,PARTNER,,,b8da9847-ac4a-4b89-b0fd-0618fcabb88d,,Azman Bin Ishak,azman@azmanlee.example.my,,Azman & Lee Advocates,,1,4,,Probate administration referral for deceased estate valued at RM8.2M,,,,2026-05-24T14:22:06.096Z,[DEMO] Follow up on [DEMO] Probate Administration — Azman & Lee,,61,Partner referral — probate cases convert well. Moderate value.,2026-05-19T14:22:06.096Z,2026-05-19T14:22:06.097Z,2026-05-28T03:10:41.891Z,b8da9847-ac4a-4b89-b0fd-0618fcabb88d,Nurul,Ain,salesrep@test.local
6be8b39e-ff8e-4ce8-a1a6-718ac5a2e783,[DEMO] Estate Planning Review — Mahani Wealth,CONVERTED,WEBSITE,,ba743d11-b40a-4c2a-9046-52d3b1d61e96,a2059d7a-f30d-4896-ad2c-a892efda33fe,,Nurul Ain,nurul.ain@mahaniwealth.example.my,,Mahani Wealth Management,,1,5,,Comprehensive estate planning review for 50+ HNW clients under Mahani management,,2026-05-21T14:27:12.373Z,7c50063e-dc12-49ad-ab25-a02ec6d70359,2026-05-22T14:22:06.095Z,[DEMO] Follow up on [DEMO] Estate Planning Review — Mahani Wealth,,74,"Website inquiry for 50+ clients. High estimated value, strong buyer signals.",2026-05-19T14:22:06.095Z,2026-05-19T14:22:06.095Z,2026-05-28T03:51:16.718Z,a2059d7a-f30d-4896-ad2c-a892efda33fe,Emily,Chow,emily.chow@citadelgroup.com.my
5a01fefa-1b2e-43c5-b597-1127082af2ee,[DEMO] Family Trust Setup — Kwok Family Office,CONVERTED,REFERRAL,,fa465039-f38e-446c-86db-6defe57a9bc3,a2059d7a-f30d-4896-ad2c-a892efda33fe,,Kwok Wei Ming,weiming@kwokfamily.example.my,,Kwok Family Office,,1,5,,Multi-generational trust structure for RM150M+ family portfolio — referred by existing Azman & Lee client,,2026-05-28T02:35:24.430Z,dcd980be-06f2-47af-89b8-606d9a0bdc8e,2026-05-20T14:22:06.092Z,[DEMO] Follow up on [DEMO] Family Trust Setup — Kwok Family Office,,82,High-value referral with strong contact info. Multiple touchpoints.,2026-05-19T14:22:06.092Z,2026-05-19T14:22:06.092Z,2026-05-28T03:51:16.725Z,a2059d7a-f30d-4896-ad2c-a892efda33fe,Emily,Chow,emily.chow@citadelgroup.com.my
817d65b0-8d19-4d70-a327-21d0365bd5ef,Blockchain Supply Chain,CONVERTED,TRADE_SHOW,,c932e063-f522-4052-90d6-ed1152d1f3c5,b8da9847-ac4a-4b89-b0fd-0618fcabb88d,,Dr. Hassan Ali,hassan@pharmadist.my,,Pharma Distributors,,1,5,,Drug traceability system,,2026-05-28T02:35:44.524Z,f1ee4301-d4af-4a4b-812c-7d10c6568519,,,,,,,2026-05-19T14:22:02.044Z,2026-05-28T03:51:16.726Z,b8da9847-ac4a-4b89-b0fd-0618fcabb88d,Nurul,Ain,salesrep@test.local
67f52059-749b-4f45-8a54-b4b06b83c0ea,[DEMO] Corporate Succession Planning — Syed Corp,CONVERTED,TRADE_SHOW,,,a2059d7a-f30d-4896-ad2c-a892efda33fe,,Farah Alzahra,farah@syedcorp.example.my,,Syed Corporation Bhd,,1,5,,Cross-shareholder succession plan for 3 key holding companies,,2026-05-28T07:16:38.225Z,feab4fb1-d6d4-4ea9-ad9b-ad19b30c1c65,,,,43,Trade show lead — large corporate. Initial interest only.,2026-05-19T14:22:06.097Z,2026-05-19T14:22:06.098Z,2026-05-28T07:16:38.226Z,a2059d7a-f30d-4896-ad2c-a892efda33fe,Emily,Chow,emily.chow@citadelgroup.com.my
b4e68a3c-adc4-4bb4-bc05-1c83183343ec,[DEMO] Digital Asset Trust — Kwok Family,CONVERTED,WEBSITE,,b4c7205e-cd84-4f48-954b-a399b40a600d,a2059d7a-f30d-4896-ad2c-a892efda33fe,,Kwok Mei Ling,meiling@kwokfamily.example.my,,Kwok Family Office,,1,5,,New digital asset (crypto + NFT) trust structure for next-gen wealth transfer,,2026-05-28T03:46:26.534Z,2205579a-1375-4783-ae48-03776b745de3,2026-06-04T00:00:00.000Z,,,55,Website inquiry for new digital asset trust product. Growing market.,2026-05-19T14:22:06.099Z,2026-05-19T14:22:06.099Z,2026-05-28T08:00:23.146Z,a2059d7a-f30d-4896-ad2c-a892efda33fe,Emily,Chow,emily.chow@citadelgroup.com.my